id	name	genres	popularity	followers.total	image	album_count	last_release	top_song	top_song_popularity	last_follow
7IAXZaLTb6nkJr8RmVPn5y	ANGRA	power metal|melodic metal|symphonic metal|progressive metal|speed metal|metal|heavy metal	54	487403	https://i.scdn.co/image/ab6761610000517466ed9eef4c4f85369167a555	16	2024-10-11	Carry On	55	158
1WgXqy2Dd70QQOU7Ay074N	AURORA	norwegian pop|art pop	77	4404502	https://i.scdn.co/image/ab67616100005174eefc6f13cec94fe613a6c1c8	7	2025-05-02	Runaway	75	162
11bnNpakfiBkP6MqpyrRjD	Agent Fresco	progressive metal|progressive rock|djent	30	40327	https://i.scdn.co/image/ab67616100005174f0a9ba21bfc2663f5bdbaa93	2	2015-08-07	Dark Water	38	29
1rKrEdI6GKirxWHxIUPYms	Agnes Obel	chamber pop	60	906453	https://i.scdn.co/image/ab67616100005174312fa20da6b19e20d9b07974	7	2024-01-05	Familiar	64	196
2N8XkSGgBeH1VrFHxbarbz	Ahab	doom metal|sludge metal|drone	26	46406	https://i.scdn.co/image/ab67616100005174d703832bf1b415d25dd665a5	6	2023-01-13	Old Thunder	31	52
2QIHd0B2VIKlmLyoq4lUr7	Alela Diane	folk|indie folk	47	142379	https://i.scdn.co/image/ab676161000051746ca6384c994d388bffe4683e	9	2023-12-01	Émigré	44	15
3OpqU68JpZlzvjAJj3B2Da	Alestorm	pirate metal|folk metal|power metal|sea shanties|metal|celtic rock|medieval metal	57	697520	https://i.scdn.co/image/ab676161000051749ad0af7fa3272c5d1197c277	10	2022-06-24	Drink	59	121
4r4F8WTxKS7hsSWVzlu6rY	AlicebanD	dark cabaret	46	32177	https://i.scdn.co/image/ab67616d00001e02e745eb8df153e9751ed39aeb	2	2011-03-30	Fire With Fire	49	89
5rThgU18h0ejIeElIlLWkS	Almora	symphonic metal|anatolian rock|folk metal|symphonic rock	28	36567	https://i.scdn.co/image/ab67616d00001e02181bf0a71bfb7e1886e88d74	1	2008-02-21	Kıyamet Senfonisi	40	193
5SSKKiFbZXZeXH40mv0fsS	Altaria	power metal|melodic metal|symphonic metal|speed metal	21	10680	https://i.scdn.co/image/ab6761610000517446e3065fafa04773a1daf578	4	2022-07-08	Diablo Rojo	32	143
3kzwYV3OCB010YfXMF0Avt	Alvvays	dream pop|shoegaze|jangle pop|indie	60	609021	https://i.scdn.co/image/ab67616100005174a24052fe3c780cb8ca6e69c6	3	2022-10-07	Archie, Marry Me	65	124
726Dh6A5VyDfAAQxilT6A0	Amanda Palmer	dark cabaret	41	169143	https://i.scdn.co/image/ab676161000051744028f837434bb6a8f25cf85c	11	2024-01-11	Runs in the Family	52	152
49BGpXXAji2jAYv0Ob6Dff	American Murder Song	dark cabaret|gothic country	35	22474	https://i.scdn.co/image/ab676161000051749fc8d595504080080c403f96	4	2020-05-20	Pretty Lavinia	41	36
2UOVgpgiNTC6KK0vSC77aD	Amorphis	melodic death metal|folk metal|melodic metal|death metal|progressive metal|gothic metal|metal|doom metal|finnish rock	49	334351	https://i.scdn.co/image/ab67616100005174d843a566ac64b933b3f2229d	23	2024-09-03	The Bee	48	95
2q3ClJmvQ8JmaKOCcgv5Gs	Anastasia Minster	chamber pop|slowcore	1	827	https://i.scdn.co/image/ab67616100005174653aa2d2d398b6b46df46f00	3	2024-10-08	Dancing with a Ghost	2	159
4tvKz56Tr39bkhcQUTO0Xr	Angus & Julia Stone		67	1317100	https://i.scdn.co/image/ab67616100005174a6bec94f269e61676f2fe977	8	2024-05-10	Big Jet Plane	70	170
0L8QRAAuWjqvTM8FpQ1gYO	Annihilator	thrash metal|speed metal|metal|groove metal|heavy metal	46	417003	https://i.scdn.co/image/08fdfc7c4f1c54c6806eefd26a4f86b2aa712171	23	2022-02-18	Alison Hell	52	194
6kBjAFKyd0he7LiA5GQ3Gz	Aqua	europop|eurodance	67	729300	https://i.scdn.co/image/ab6761610000517454cd560d17307a51f3dc278a	3	2011-01-01	Barbie Girl	78	164
1mQ1CXWPy3zFDPiMt0OHcX	Aquaria	power metal|symphonic metal|melodic metal|speed metal	13	7992	https://i.scdn.co/image/ab6761610000517407adc9a51dbfeb743950de5b	3	2020-11-25	And Let the Show Begin	19	192
0DCw6lHkzh9t7f8Hb4Z0Sx	Arch Enemy	melodic death metal|metal|death metal|melodic metal|heavy metal	60	1098034	https://i.scdn.co/image/ab676161000051744955e32035512de408fab66b	18	2025-03-28	War Eternal	61	85
0UGvFl1tJ49Co99gaXZH9Z	Arcturus	black metal|avant-garde|progressive metal|symphonic metal	29	73087	https://i.scdn.co/image/851f793fe964c735de153701ae35b1f98fd01bae	8	2017-02-17	Crashland	31	34
6AJ9HQ2Ptp1WWEfBFvR5fF	Arkona	folk metal|pirate metal|folk|medieval metal|symphonic metal	35	121471	https://i.scdn.co/image/ab676161000051741e1dab9447f2869f9d918afa	12	2023-06-16	Yarilo	42	175
2ziB7fzrXBoh1HUPS6sVFn	Audioslave	grunge|post-grunge|alternative metal	73	4915271	https://i.scdn.co/image/ab676161000051745a865295befda9e060a72cb0	3	2006-08-29	Like a Stone	85	7
2ZCG1aukcb5fjBDgizvDbD	Aurelio Voltaire	dark cabaret	49	125434	https://i.scdn.co/image/ab6761610000517462365e0a7c90ac7b6cdb49ea	19	2022-12-16	The Night	49	4
1Ih0fEQQsy9EeAJbYEeQRa	Avantasia	power metal|symphonic metal|melodic metal|metal	57	485264	https://i.scdn.co/image/ab67616100005174b678d5904bcb79a1f5695b28	12	2025-02-28	Lay All Your Love On Me	57	118
2RSApl0SXcVT8Yiy4UaPSt	Ayreon	progressive metal|progressive rock|symphonic metal|power metal|symphonic rock	45	166755	https://i.scdn.co/image/ab676161000051745ea5bd8eda16661ab36bb166	15	2024-05-17	Comatose	38	176
5r5Va4lVQ1zjEfbJSrmCsS	BROODS		53	488435	https://i.scdn.co/image/ab67616100005174f528c4566d4237721063f237	4	2022-02-18	Bridges	49	130
5tFRohaO5yEsuJxmMnlCO9	Barns Courtney	gothic country	64	585063	https://i.scdn.co/image/ab676161000051744bbc056671282e390b4c6b46	3	2024-07-19	Glitter & Gold	72	151
0nJaMZM8paoA5HEUTUXPqi	Bear's Den	folk pop|indie folk	58	329829	https://i.scdn.co/image/ab676161000051749b3993b7de9e5e75e78cddc0	6	2022-07-22	Sophie	53	167
6qqNVTkY8uBg9cP3Jd7DAH	Billie Eilish		95	111594128	https://i.scdn.co/image/ab676161000051744a21b4760d2ecb7b0dcdc8da	3	2024-05-17	BIRDS OF A FEATHER	100	98
02YLJJnWC7YQVixkjEBRn7	Billie Marten		58	338394	https://i.scdn.co/image/ab67616100005174471e47818223e2beca75e7c7	4	2023-04-07	Feeling	64	161
2WX2uTcsvV5OnS0inACecP	Birdy		71	3753433	https://i.scdn.co/image/ab67616100005174778483686ae247c1906f02fb	7	2023-08-22	Skinny Love	74	166
6q5M5a5hW48QjbDc0xuTtU	Bitter Ruin	dark cabaret	38	19556	https://i.scdn.co/image/ab67616100005174d2895f9ef6af344d912444fe	3	2023-09-08	Tom Thumb	44	126
7jxJ25p0pPjk0MStloN6o6	Blind Guardian	power metal|speed metal|symphonic metal|melodic metal|metal|folk metal|heavy metal|medieval metal	55	762103	https://i.scdn.co/image/ab6761610000517426139a78b669ae67aacde9f3	20	2024-08-02	The Bard's Song - In the Forest - Remastered 2007	58	91
0vxxsjcDy61x5zvrOqwHIL	Borknagar	black metal|folk metal|progressive metal|melodic death metal|melodic metal|avant-garde	35	106389	https://i.scdn.co/image/ab6761610000517428e028c642117dc411386f77	14	2024-02-23	Up North	37	51
46njgd2Rq9tZc4ZjeQMgbh	Boz Scaggs	album rock	59	841417	https://i.scdn.co/image/ab67616100005174143feea39a3275bfc4ea5f11	24	2024-05-15	Lowdown (2023 Remaster)	66	75
75za1DDTZxAuofPA5k2Vqh	Braia	folk metal|celtic	6	2293	https://i.scdn.co/image/ab676161000051744404ed1038dc9875946bfa75	3	2021-05-07	Tempos Idos	5	139
1VV61UepOgsPiOjljK6mBY	Brujeria	grindcore|death metal|metal|groove metal	41	171397	https://i.scdn.co/image/ab67616100005174e2188c4aeafce8fec837b5c4	5	2023-09-15	Don Quijote Marihuana	43	24
4s2RfNqVSy0S6oD9RkUJv4	Burning Peacocks	french indie pop|french pop	24	12802	https://i.scdn.co/image/ab6761610000517464bbb2243aed05023f68cb63	1	2016-10-28	Tears of Lava	36	172
3CjlHNtplJyTf9npxaPl5w	CHVRCHES	synthpop	64	1411729	https://i.scdn.co/image/ab6761610000517415e5ae2c6a8cdf07ed0253ae	8	2025-04-11	The Mother We Share	59	40
0TNyEQ0n7diilLgG1ozfrB	Camp Claude	french indie pop	40	52514	https://i.scdn.co/image/ab6761610000517453569a1e2161e7f1844fff52	3	2023-04-14	Old Downtown	52	41
5wc0IxnlWp9pqSduPbyvZh	Caprice	neoclassical|neofolk|medieval|celtic|darkwave	29	8621	https://i.scdn.co/image/ab67616d00001e02db761341fff3fd32886dfc85	12	2024-12-13	Faeries Stole Bridget	23	27
5lhaM01nwvsMZpmPY2HVER	Carcass	death metal|grindcore|melodic death metal|metal	50	440847	https://i.scdn.co/image/ab67616100005174f8ec9d92b03893c45fe4e1db	14	2021-09-17	Black Star	50	83
7HIjKw4rHS0MtmV0cqSlpB	Cathedrals		36	41960	https://i.scdn.co/image/ab67616100005174ab090c87e248deea3674edce	1	1970-01-01	In the Dark	46	31
6NWtt9pNOL2Gx7kBykdE5x	Celtic Woman	celtic	56	552203	https://i.scdn.co/image/ab67616100005174eb937a2812d334b91360d8b5	17	2024-01-26	Teir Abhaile Riu	55	9
0Nks3cFWU2a7rooAlFQYgn	Cesária Evora	fado	68	436820	https://i.scdn.co/image/ab6761610000517419ef99eadb0dc66816089006	20	2013-03-04	Petit pays	61	20
4A5lMJjgeichOwbMKs6Tn0	Circle II Circle	power metal|progressive metal|heavy metal|melodic metal	32	21930	https://i.scdn.co/image/290facfb3a26db640ae187122b0c5423f3a00d37	9	2015-10-16	Watching in Silence	37	19
3V0ZQW0dNuVaFtbVYgSI24	Claire Rosinkranz		59	464679	https://i.scdn.co/image/ab6761610000517460e8f80f76a73a65f083c63f	1	2023-10-06	Backyard Boy	68	94
15h5B5quwDm2C1rhbtvUPD	Cocoon	french indie pop|folk pop	53	128028	https://i.scdn.co/image/ab67616100005174d2b5bf00d62411278ad2e111	6	2025-04-25	Chupee	56	197
5slvIMrXIIfl1kNYszWP5G	Confraria da Costa	brazilian rock	26	18255	https://i.scdn.co/image/ab67616d00001e0238298c3924c80d9297206b07	3	2015-11-06	Rússia Reversa	30	188
43sZBwHjahUvgbx1WNIkIz	Creed	post-grunge	77	3959805	https://i.scdn.co/image/ab676161000051740d86c8971cc4d6fa63d58bae	5	2024-08-16	One Last Breath	86	6
6QpbkfyEQJ3JiQw2AbTRUH	Cruachan	folk metal|celtic rock|pirate metal|celtic|medieval metal|folk|melodic metal	30	47717	https://i.scdn.co/image/ab6761610000517439119ba050555116d79154a4	10	2023-03-24	Ride On	35	3
0w1xNkvjKVskWP7GvbiwRB	Crypta	death metal|metal	37	118516	https://i.scdn.co/image/ab67616100005174013129c292c55c4f660f6a5c	2	2023-08-04	Lord of Ruins	40	67
46CitWgnWrvF9t70C2p1Me	Daughter		62	1404755	https://i.scdn.co/image/ab676161000051740df313bc99b24276ea978437	4	2023-04-07	Medicine	64	119
4f5V3PQ66nIrBCqugJtaGn	Death	death metal|metal|thrash metal|grindcore|melodic death metal|black metal	59	1016965	https://i.scdn.co/image/9a0f1b399f5e272074b79f4efa3139cb2fce030e	22	2016-05-20	Voice of the Soul	60	84
4Tg06Sex4LzwcgVdfRrHlp	Deathstars	industrial metal|industrial|gothic metal|industrial rock|metal|ebm	42	171678	https://i.scdn.co/image/ab676161000051745ed411f661d256549c8d6669	5	2023-05-05	Ghost Reviver	42	96
4O6RDLeFX5xuQ7IePFzVcl	Demons & Wizards	power metal|melodic metal|symphonic metal|metal|heavy metal	37	131139	https://i.scdn.co/image/ab67616100005174bc220b198ebd4f26e9b6a601	5	2020-02-21	Fiddler on the Green - Remaster 2019	42	88
2Nk8huXRi4bnq1MFS7QfHo	Deolinda	fado	37	58244	https://i.scdn.co/image/ab67616d00001e0246cd068015c8251450d94de4	3	2016-02-12	Fado Toninho	38	12
2cbWJP4X5b9sKEDW80uc5r	Diablo Swing Orchestra	dark cabaret|avant-garde|symphonic metal|progressive metal|electro swing|swing music|gothic metal	41	170193	https://i.scdn.co/image/ab67616100005174cfa974c25a27a2bd23848c02	5	2021-02-11	Balrog Boogie	42	198
4CYeVo5iZbtYGBN4Isc3n6	Dio	heavy metal|metal|hard rock|glam metal	63	2853839	https://i.scdn.co/image/ab67616100005174555c8199ba80168cfeafdfbc	27	2025-01-22	Rainbow in the Dark	65	70
16lGevDffmuRakKVvdJ983	Dirt Poor Robins	dark cabaret	44	44707	https://i.scdn.co/image/ab67616100005174c81a81f2d983e827dd73af06	9	2025-02-25	Enchanté	47	56
31R0Xxb1rS7j4d0jmNIBdl	Doomsword	doom metal|power metal|sludge metal|folk metal|heavy metal	15	11568	https://i.scdn.co/image/ab67616d00001e0245ab732659218408d14e083a	4	2011-02-28	Days of High Adventure	19	200
2aaLAng2L2aWD2FClzwiep	Dream Theater	progressive metal|progressive rock|metal	63	1720128	https://i.scdn.co/image/ab676161000051746c2390469c190a49f3926865	48	2025-02-07	Pull Me Under	64	117
3AGFqPP3gt5rMSvhR87Xxu	Edguy	power metal|melodic metal|symphonic metal|speed metal|metal|heavy metal|progressive metal	48	301109	https://i.scdn.co/image/ab6772690000dd22ec078670d746fddbe7674e78	15	2022-07-01	King of Fools	51	169
34hTVEdKCODfOd1PKFclTh	Eldhrimnir	pirate metal|folk metal|brazilian rock	17	5471	https://i.scdn.co/image/ab67616100005174d760ec9d37033606f98ea3c3	3	2022-06-01	Naul, Deus da Cerveja	18	111
4j0K5gPOQZYpiaz3vc9dzx	Eliza Rickman	dark cabaret|baroque pop	29	15666	https://i.scdn.co/image/ab67616100005174a920ac1c8edf62bf5df3be41	2	2015-10-20	Pretty Little Head	40	110
5X0N2k3qMnI8kSrGJT3kfT	Eluveitie	folk metal|symphonic metal|melodic death metal|pirate metal|medieval metal|melodic metal|power metal|celtic|metal|celtic rock|medieval|folk	59	602319	https://i.scdn.co/image/ab67616100005174e8581fc1b573119b7eb0b69b	12	2025-04-25	The Call of the Mountains	60	46
1AH3dkZgX0ffLTjajoALpm	Eterna	christian rock|power metal|melodic metal	7	9492	https://i.scdn.co/image/ab67616d00001e0255efc9bca451651ecb180b9d	1	1970-01-01	Epiphany	11	129
3FIsBWNLmqLvTQnhJLAWUJ	Ex:Re	art pop	39	92482	https://i.scdn.co/image/ab67616100005174ff6ac0028956852c37bfc38e	2	2021-02-19	Misery Is a Butterfly	35	133
5RAi7QWsIaVSDEEcEphCGC	Fafnir	melodic death metal	0	147	https://i.scdn.co/image/ab67616d00001e02ece90bb09ec26c3f700d29af	1	2015-03-29	Protect our Land	0	105
2wPOgnQ6eW3X73uIJZ4YFE	Faun	medieval|medieval metal|celtic|folk metal|neofolk|folk	53	403608	https://i.scdn.co/image/ab6761610000517411ca0c0a8c59dffb940bb762	11	2022-04-22	Federkleid	53	174
21egYD1eInY6bGFcniCRT1	First Aid Kit	indie folk|folk	63	1249162	https://i.scdn.co/image/ab676161000051740ea606b49bea278def7337e3	7	2023-07-07	My Silver Lining	68	47
1moxjboGR7GNWYIMWsRjgG	Florence + The Machine	baroque pop	80	7103488	https://i.scdn.co/image/ab67616100005174e3c37f869b830d1cf1ec829a	11	2024-10-25	Dog Days Are Over	78	11
7uTDwdxKfkZtEfjpofiYwr	Frøkedal	norwegian pop	22	6020	https://i.scdn.co/image/ab676161000051745332edf0f4c97533c466e21d	4	2024-06-14	The Man Who Isn't Here	25	102
5Vj7LABYdzz3ZBt1EhDIoQ	Gabrielle Shonk		23	12221	https://i.scdn.co/image/ab67616100005174903bcd211fdd8009f8aa81aa	2	2023-02-24	Habit	35	160
6LZE884lDIsCSLHuTplfGp	Gamma Ray	power metal|speed metal|melodic metal|metal|heavy metal|symphonic metal	44	300602	https://i.scdn.co/image/ab6772690000dd221110b1a024312710e7c796c4	19	2023-04-21	Valley of the Kings	42	145
1blgL26JbtaUUKUEMR6Hs2	Gemma Hayes		41	28011	https://i.scdn.co/image/ab676161000051748b8379950d3d09c5caa2b4fa	6	2024-09-27	Wicked Game	50	53
5fW9KCIPGotzaUDLkWfoa7	Ghost Quartet	dark cabaret	25	5757	https://i.scdn.co/image/ab67616d00001e02c6b8de919a90652570b7b997	2	2016-07-01	Starchild	32	39
0GDGKpJFhVpcjIGF8N6Ewt	Gojira	metal|progressive metal|groove metal|death metal|djent	66	1676457	https://i.scdn.co/image/ab6761610000517496c4949ee078fbef5d5adb68	9	2021-04-30	Stranded	69	35
4DwhNqibDIsxIamSxWb7tQ	Gotthard	album rock|arena rock|hard rock	49	131794	https://i.scdn.co/image/ab67616100005174ac61c98dc397452ae50bdb29	21	2025-03-21	Heaven	48	195
7wHPtfK57nbFkg3k16BV5O	Haggard	symphonic metal|gothic metal|folk metal|symphonic rock|melodic metal|medieval metal|metal	45	206615	https://i.scdn.co/image/ab676161000051741ae2c605ad6073543555390b	6	2011-05-20	Herr Mannelig	50	181
2SRIVGDkdqQnrQdaXxDkJt	Haken	progressive metal|progressive rock|djent	47	230738	https://i.scdn.co/image/ab676161000051749a1ebb30f84a276704c5cb58	10	2025-05-09	Cockroach King	45	23
073v2aQjS8tVeaUsp86lkd	Hangar	power metal|melodic metal|progressive metal	31	29053	https://i.scdn.co/image/ab67616d00001e02609fa50849dca8b78b2681eb	6	2018-12-01	Time to Forget	35	2
0A2YaO4tUFeJVNn5Hvjfxa	Heidevolk	folk metal|pirate metal|medieval metal|power metal|folk	37	124209	https://i.scdn.co/image/ab6761610000517415c381df4bc53f87d72d3434	7	2023-02-24	Vulgaris Magistralis - Bonus Track	44	155
7twX3q2dCFLcBFw42ZVn79	Hellish War	power metal	15	4810	https://i.scdn.co/image/ab67616100005174acb34738c78a5623cbb611c7	5	2021-08-02	Metal Forever	25	127
4pQN0GB0fNEEOfQCaWotsY	Helloween	power metal|speed metal|heavy metal|metal|melodic metal|symphonic metal	60	1339253	https://i.scdn.co/image/ab67616100005174c45194d4872f6177bb962f7e	29	2025-03-28	I Want Out - 2024 Remaster	65	66
0m8rUYGZIXTo8knUYP7uB9	Hollywood Burns	synthwave|darkwave	30	18382	https://i.scdn.co/image/ab6761610000517477a0e10645a07ede10cd1ef1	2	2021-11-12	Black Saucers	34	16
0KoQJScvMD3v4ArOGiX0MJ	Holy Soldier	christian rock|glam metal|ccm	25	24280	https://i.scdn.co/image/ab67616d00001e02bc40672f3f0ae91c42461451	4	1997-01-01	Stranger	29	65
132sZpCaM8ie6byAEcOcRs	HÆLOS	alternative dance	42	96874	https://i.scdn.co/image/ab6761610000517423b1cf50e61189f2114b110e	3	2023-07-05	DUST	47	173
3KEixcRfBS5K3E91Vn1Kdy	Iced Earth	power metal|heavy metal|metal|thrash metal|speed metal|melodic metal	48	379174	https://i.scdn.co/image/ca2b8bad69947dfcc284b833724d82dc007b8044	22	2022-05-27	Watching over Me - Remixed & Remastered	49	107
53XhwfbYqKCa1cC15pYq2q	Imagine Dragons		88	57197422	https://i.scdn.co/image/ab67616100005174ab47d8dae2b24f5afe7f9d38	10	2025-02-21	Believer	89	131
0gsIXiV7rw5I9wJaxgoOdB	In Mourning	melodic death metal|progressive metal|melodic metal|death metal|doom metal	32	58886	https://i.scdn.co/image/ab67616100005174c4938adff9a4cd8a65626c1d	8	2022-04-01	Colossus	36	79
6mdiAmATAx73kdxrNrnlao	Iron Maiden	heavy metal|metal|hard rock|rock	74	9968525	https://i.scdn.co/image/ab67616100005174f9978ad4808f6f2723124d19	29	2021-09-03	The Trooper (2015 Remaster)	64	183
5TEGxYftTkeKmLXkZjHNUE	Jeanne Added	french indie pop	39	73596	https://i.scdn.co/image/ab6761610000517432796fde17e62b8b605f4767	3	2022-09-30	Mutate	41	81
5Mq7iqCWBzofK39FBqblNc	Jessie Ware		59	783280	https://i.scdn.co/image/ab67616100005174dcbf8b16eaea624592b29a35	6	2023-04-28	Free Yourself	56	122
5SaDyTQkjAAdrsmhPzrmw2	Jorn	power metal|hard rock|melodic metal|heavy metal|metal	50	94262	https://i.scdn.co/image/ab67616100005174f1310d077ecfed399b5c7ca9	13	2022-06-17	I Walk Alone	43	60
25eQCECJH4VTpBYV9jhpyE	Joyce Jonathan	french pop|variété française|chanson	51	325522	https://i.scdn.co/image/ab67616100005174edffd0846f25c8c889ec011c	5	2022-03-11	Je ne sais pas	56	76
2tRsMl4eGxwoNabM08Dm4I	Judas Priest	heavy metal|metal|hard rock|glam metal|speed metal	68	4367938	https://i.scdn.co/image/ab676161000051744b3cfc24737acb15e73e8bd6	26	2024-09-13	Breaking the Law	73	178
5ektKXWvSR9FjUExrpg1xK	Juniper Vale		45	84899	https://i.scdn.co/image/ab676161000051744fe3ea8bce13c5547f15fad8	4	2025-03-07	Bird Song	45	43
6zyPKJ4ePhYLsBEy4A6BVX	Kaleida		50	97916	https://i.scdn.co/image/ab67616100005174afbf0047d86bc92316322de6	4	2025-01-24	Think	61	10
7gTbq5nTZGQIUgjEGXQpOS	Kamelot	power metal|symphonic metal|melodic metal|gothic metal|progressive metal|symphonic rock|metal|speed metal|folk metal	51	403439	https://i.scdn.co/image/ab676161000051742436e28f65483f0af02ba27d	17	2023-03-17	When the Lights Are Down	52	99
2jan3WAlx8QSZ2C7fCVX69	Kim Tillman	dark cabaret	19	1457	https://i.scdn.co/image/ab676161000051748e2088e361ea9563c9eab6ee	2	2021-11-11	Russian Roulette	7	61
0J2gE1fVwnMhsh0OxUpUPT	Klone	progressive metal|progressive rock|groove metal|djent	36	38547	https://i.scdn.co/image/ab67616100005174ced2e88aa31aa30faa6727f6	12	2024-11-08	Breach	40	18
521Yl3LUvD7G9dMRO4fpCy	Korpiklaani	folk metal|pirate metal|power metal|metal|folk|medieval metal|melodic metal	52	434722	https://i.scdn.co/image/ab67616100005174da501752b6e2f5c6ed2e98eb	13	2024-04-05	Vodka	57	87
3IPsbVbc2hVQMU50DZu9gD	Korzus	thrash metal|groove metal|speed metal	25	33215	https://i.scdn.co/image/ab67616d00001e02fc92f3ac28a54b02b1ea2799	8	2014-01-01	Truth	29	69
6y6iXD929Jqq0xc6lgwhl1	LAUREL		55	117646	https://i.scdn.co/image/ab676161000051746a94bc17e99ee3682fe422eb	2	2024-10-18	Life Worth Living	62	54
57ekbx9PSS4ORs5wTZMSYp	Lacrimosa	gothic metal|symphonic metal|darkwave|symphonic rock	49	274516	https://i.scdn.co/image/ab676161000051748bcc7c755fe5f1e3c97b641b	23	2025-03-07	Lichtgestalt	47	28
1HY2Jd0NmPuamShAr6KMms	Lady Gaga	art pop|pop	94	37780887	https://i.scdn.co/image/ab67616100005174aadc18cac8d48124357c38e6	16	2025-03-07	Abracadabra	89	100
00FQb4jTyendYWaN8pK0wa	Lana Del Rey		92	47364343	https://i.scdn.co/image/ab67616100005174b99cacf8acd5378206767261	11	2023-03-24	Young And Beautiful	89	48
0bbL6moYLUu792U2ZdWgXU	Las Aves	french indie pop	38	21142	https://i.scdn.co/image/ab67616100005174d02eebb0f62a5d75772187e3	2	2019-08-30	N.E.M.	51	157
0k1pcFhNBUhc3L7cFfUMYP	Leandra	dark cabaret|darkwave|ebm	11	2179	https://i.scdn.co/image/ab67616d00001e02cb636743335635ce85621d8e	2	2013-01-01	The Art of Dreaming	6	74
63qODcvBCdG2kTguOJkEqJ	Leaves' Eyes	symphonic metal|gothic metal|melodic metal|symphonic rock|folk metal|power metal|metal	38	186794	https://i.scdn.co/image/ab67616100005174a9b8dde1174266891f5e0117	13	2025-03-07	Chain of the Golden Horn	38	104
4lgrzShsg2FLA89UM2fdO5	Leprous	progressive metal|progressive rock|djent	50	277330	https://i.scdn.co/image/ab676161000051741b4f5be8bb7577040d9f4f93	10	2024-08-30	From the Flame	49	25
67FB4n52MgexGQIG8s0yUH	Lola Young		82	1058681	https://i.scdn.co/image/ab6761610000517435d858c545fe337d3a152d65	3	2024-06-21	Messy	90	21
3Bd1cgCjtCI32PYvDC3ynO	London Grammar		66	1617702	https://i.scdn.co/image/ab6761610000517403fca863ba2e1e379ad19998	5	2024-09-27	Californian Soil	51	202
0TwM0vzeyhAMTegVdIq8rx	Lor		45	41732	https://i.scdn.co/image/ab6761610000517444082ff996851c566f1f7432	4	2024-10-11	Aquarius	44	77
163tK9Wjr9P9DmM0AVK7lm	Lorde		83	10323286	https://i.scdn.co/image/ab67616100005174aa69380a8d5203257611662d	3	2021-11-05	What Was That	90	49
14SgKNlOCKAI0PfRD1HnWh	Lordi	metal	51	276761	https://i.scdn.co/image/ab67616100005174ccf15374ddb07f19a38ef26f	20	2025-03-21	Fangoria	38	125
4MVyzYMgTwdP7Z49wAZHx0	Lynyrd Skynyrd	southern rock|classic rock|rock	76	5631260	https://i.scdn.co/image/ab67616100005174451eb07ddc6e68d3e474c2bf	36	2024-10-04	Sweet Home Alabama	84	109
4SqTiwOEdYrNayaGMkc7ia	LÉON		58	384460	https://i.scdn.co/image/ab67616100005174cc0a763cee1bb7e3d38dd230	3	2022-03-04	You and I	61	113
6CwfuxIqcltXDGjfZsMd9A	MARINA		76	5998970	https://i.scdn.co/image/ab676161000051744b482c79edd367dea0258224	6	2022-04-29	Bubblegum Bitch	79	26
3mlxV3eHtMwvoOSLzR6CFj	Madredeus	fado	42	121948	https://i.scdn.co/image/ec67d1712d80983ba2d36a14c74f1f0f3513a41a	15	2015-12-18	O Pastor	46	128
5baLALm4KxY0I4z4OjumiZ	Major Parkinson	dark cabaret|progressive rock|norwegian pop|avant-garde	28	16783	https://i.scdn.co/image/ab676161000051743a136a9528a3d46e81d257f4	7	2022-10-07	Algorithm Is a Dancer	26	17
6jpJdxnuPB2E6PfGuj2ihI	Malefactor	melodic death metal|death metal	14	3541	https://i.scdn.co/image/ab67616d00001e02bc1647ee96635958fa464a42	7	2017-09-23	The Sentinels	16	78
5DGJC3n9DS0Y9eY5ul9y0O	Marika Hackman		46	145270	https://i.scdn.co/image/ab6761610000517425e0d38b941335ddcf8724e0	7	2024-01-12	I Follow Rivers	53	191
7GhebLBMgszGbtbmjq4HHB	Massacration	brazilian rock	39	134541	https://i.scdn.co/image/ab67616100005174b91d2194b5672661ee7536f4	5	2024-07-12	Metal Is The Law	43	50
2ye2Wgw4gimLv2eAKyk1NB	Metallica	metal|thrash metal|rock|heavy metal|hard rock	84	30660693	https://i.scdn.co/image/ab6761610000517469ca98dd3083f1082d740e44	25	2023-04-14	Enter Sandman (Remastered)	80	184
2lP3Fx1aGCbQvH1F6i5Qeg	Michelle Gurevich	slowcore	47	135431	https://i.scdn.co/image/ab676161000051741e146edeb2f724d79dde568e	7	2024-11-08	Party Girl	47	150
12Chz98pHFMPJEknJQMWvI	Muse	alternative rock|rock	78	8266384	https://i.scdn.co/image/ab676161000051740accbbe13e1aa147dd27671c	14	2023-11-17	Supermassive Black Hole	83	116
5ZNxiPcbKgaNcBrERMpqeu	Mägo de Oz	rock en español|folk metal|rock urbano|celtic rock|mexican rock	69	4619425	https://i.scdn.co/image/ab676161000051741bd9fe536b5ce55994bec649	26	2024-01-26	Fiesta Pagana	72	73
5bodTAJqKphEDB3ItIq4Hc	Narnia	christian rock|power metal|melodic metal	31	43117	https://i.scdn.co/image/ab6761610000517434cf36189b17def5732eb871	11	2023-03-17	Living Water	32	134
22GSc8UsPGIP5mrM4W57rY	Necrophagist	death metal|metal|grindcore	41	168722	https://i.scdn.co/image/ab67616d00001e02e42d47126a49d56db3c9364c	2	2004-08-03	Stabwound	47	59
5D9d9xyLNQu32QVD9t4YqH	Nervosa	thrash metal|speed metal|death metal|metal|groove metal	32	108686	https://i.scdn.co/image/ab676161000051742f31ff26ebbefcce5eb7b36b	5	2023-09-29	Death!	37	68
2NPduAUeLVsfIauhRwuft1	Nightwish	symphonic metal|gothic metal|power metal|symphonic rock|melodic metal|metal|folk metal	67	2362717	https://i.scdn.co/image/ab67616100005174f3284e60d4e43c9a7b52c08d	24	2024-09-20	Nemo	67	42
6frUTw3CamrF5NAGaQchBS	OMNIA	celtic|medieval|neofolk|folk metal|medieval metal|folk	42	187182	https://i.scdn.co/image/ab67616100005174ac7723001efd33a45c2bb7bd	11	2018-03-30	Fee Ra Huri	49	72
4dwdTW1Lfiq0cM8nBAqIIz	Of Monsters and Men	folk pop|indie folk	70	3592778	https://i.scdn.co/image/ab67616100005174ce5451b5cc60faf1992e969a	6	2022-12-09	Little Talks	83	203
0gO5Vbklho8yrBrUdHhuLH	Oficina G3	christian rock|gospel|brazilian gospel	55	827449	https://i.scdn.co/image/ab6761610000517484b8e23eed0e28d067a7a653	17	2024-05-07	Aos Pés da Cruz	53	114
46CuxapoPjUfIOiXdNq7qM	Oh Land		39	155380	https://i.scdn.co/image/ab67616100005174faa1f165e28ebe15028cfdeb	8	2023-09-29	Speak out Now	36	106
5cIc3SBFuBLVxJz58W2tU9	Oh Wonder		67	1089559	https://i.scdn.co/image/ab67616100005174a1bbe478917fbc2c2e48c7c9	5	2022-10-07	Landslide	64	115
0ybFZ2Ab08V8hueghSXm6E	Opeth	progressive metal|progressive rock|metal|death metal|melodic death metal	60	1065854	https://i.scdn.co/image/ab6761610000517445e1bb6e5285297f9e55e550	24	2024-11-22	Windowpane	57	147
7xTMxqAmbtE0Nce5lz7t0h	Orphaned Land	folk metal|progressive metal|symphonic metal	33	85544	https://i.scdn.co/image/ab6761610000517457fa807b972641f73df43af7	12	2023-12-01	Like Orpheus	31	185
4hD4mPSJhofWU9bSqChPJF	Otyg	folk metal|pirate metal|folk	15	14130	https://i.scdn.co/image/ab67616d00001e02461f7ae9613484b950f309a0	1	2008-01-01	Trollslottet	22	179
6ZLTlhejhndI4Rh53vYhrY	Ozzy Osbourne	metal|glam metal|heavy metal|hard rock	73	6316166	https://i.scdn.co/image/ab67616100005174b5b52f7e13f720c7a4856306	19	2022-09-09	Crazy Train	80	86
7B0uXJvJUTwwbeSToeZeJ4	PHILDEL		48	61701	https://i.scdn.co/image/ab67616100005174493b63d7654442975ed49460	4	2024-02-16	Qi	54	13
14pVkFUHDL207LzLHtSA18	Pantera	groove metal|metal|thrash metal|heavy metal	74	5825990	https://i.scdn.co/image/ab67616100005174e21999c0102c240bdf094d9b	11	2020-10-30	Walk	79	58
2EXpthNgSeTDeX8nGwxppp	Paris Paloma		71	674378	https://i.scdn.co/image/ab67616100005174e3405040145b2ab1d8e25651	1	2024-08-30	LABOUR - the cacophony	81	5
1w5Kfo2jwwIPruYS2UWh56	Pearl Jam	grunge|rock|post-grunge	77	9578087	https://i.scdn.co/image/ab67616100005174e431fb8ba17cdee73e4ce08a	20	2024-10-07	Even Flow	82	8
1r1uxoy19fzMxunt3ONAkG	Phoebe Bridgers		79	2829982	https://i.scdn.co/image/ab67616100005174626686e362d30246e816cc5b	2	2020-06-18	Scott Street	79	135
6G7P1WNRTlg3FxiYaW0hYh	Prudence	synthwave	38	10442	https://i.scdn.co/image/ab6761610000517460838c1cb9dbfbe653498851	1	2021-05-28	Offenses	18	103
0zQfrabOFYf36Ikb6PXcCY	Rhapsody	power metal|symphonic metal|melodic metal|speed metal|metal|folk metal	51	510913	https://i.scdn.co/image/ab67616100005174902fae03243cae6e08caf99a	8	2006-01-23	Emerald Sword	56	90
7MZvYitgCWAOaKjxdm2S17	Rosemary & Garlic		38	36419	https://i.scdn.co/image/ab67616100005174740a1b076762016571652324	2	2023-03-17	Old Now	45	140
5tIkXJTex4JY7cv9mmgAZx	Ruelle		64	631064	https://i.scdn.co/image/ab67616100005174be619ddc3152f4474f51d623	3	2024-11-22	War Of Hearts	74	156
3o2dn2O0FCVsWDFSh8qxgG	Sabaton	power metal|metal|pirate metal|heavy metal|melodic metal|symphonic metal|folk metal	73	2341394	https://i.scdn.co/image/ab67616100005174fc0524cca1171fac8678f4bf	23	2023-04-14	Templars	72	146
221Rd0FvVxMx7eCbWqjiKd	Satyricon	black metal|metal	46	318831	https://i.scdn.co/image/ab67616100005174a94c5adbcde324050f50fca9	11	2022-06-10	K.I.N.G	51	62
27T030eWyCQRmDyuvr1kxY	Scorpions	hard rock|glam metal|rock	75	8126063	https://i.scdn.co/image/ab676161000051747440170c0628c2945da819c3	27	2022-02-25	Wind Of Change	83	64
5jQPKWBobu6cJwGSbbqgCk	Sentenced	gothic metal|death metal|melodic death metal|finnish rock|metal|doom metal	43	113818	https://i.scdn.co/image/f2b06ab3b521d285f59cea442a729bfb70d381be	14	2008-07-13	Killing Me Killing You	42	186
5MlEt7qqXqNSReeX76xK6b	Septicflesh	death metal|symphonic metal|melodic death metal|black metal|metal	45	192102	https://i.scdn.co/image/ab67616100005174a448413456083e18b9ebf920	14	2022-05-20	Anubis	47	93
6JW8wliOEwaDZ231ZY7cf4	Sepultura	thrash metal|groove metal|metal|death metal|nu metal|heavy metal|speed metal|alternative metal	62	2211164	https://i.scdn.co/image/ab67616100005174716f574b796045f28ce4f4f3	26	2022-06-24	Roots Bloody Roots	67	71
2THaGrUq7RPnj8Uax9zQ1m	Shaman	power metal|melodic metal|symphonic metal	40	143928	https://i.scdn.co/image/ab67616d00001e020be199bbe7ae13e71afa2a5c	7	2022-04-15	Fairy Tale	50	1
2orBKFyc84jo9AZH5jarhI	Sidney Gish	bedroom pop	43	104705	https://i.scdn.co/image/ab67616100005174da47d55e5ababe4dab0808c1	3	2019-08-19	Presumably Dead Arm (617 Sessions)	49	80
2mAYpnSe3g2Y22JcZ2ddku	Soap&Skin		64	239180	https://i.scdn.co/image/ab676161000051745e75400628514c426bf40b60	5	2024-11-22	Me and the Devil	82	137
38uWD5h115pdz278q4rwZW	Soen	progressive metal|progressive rock|djent	51	295342	https://i.scdn.co/image/ab67616100005174d6471cca8c296101e8fa2520	9	2023-09-01	Lotus	51	44
7wqP36o9lqWteOCxBnXlwx	Soilwork	melodic death metal|melodic metal|metal|death metal|alternative metal	53	339683	https://i.scdn.co/image/ab6761610000517400d683871c6271df627797e0	16	2022-08-19	Distortion Sleep	55	30
5YeoQ1L71cXDMpSpqxOjfH	Sonata Arctica	power metal|symphonic metal|melodic metal|speed metal|metal|progressive metal|folk metal	54	648693	https://i.scdn.co/image/ab676161000051743c36e8b69cb376bf869aedc2	19	2024-03-08	FullMoon	52	190
7JDSHlDdVTo7aZKdQZ53Vf	Static-X	nu metal|industrial metal|industrial rock|industrial|rap metal|metal|alternative metal	60	1559338	https://i.scdn.co/image/ab676161000051747f4a72d9541571d430c157c7	11	2024-01-26	Push It	67	132
1yqs45BSh7457Flyhmdv7f	Steam Powered Giraffe	dark cabaret	47	159451	https://i.scdn.co/image/ab676161000051741b9743970d802c36233125b3	14	2024-08-09	Honeybee	54	189
73p7913nnreqv6jbWpeNb1	Storm Corrosion	progressive rock|progressive metal	22	49130	https://i.scdn.co/image/539cd7acf4c7845392ddad7fac53a1cc191f748f	1	2012-07-05	Storm Corrosion	31	45
1O8CSXsPwEqxcoBE360PPO	Stratovarius	power metal|melodic metal|symphonic metal|speed metal|metal|progressive metal|heavy metal	56	714579	https://i.scdn.co/image/ab676161000051744733f393ad04f47b31edaadb	19	2022-09-23	Black Diamond	59	82
7CBWyowmR42IU3HTrUVbfB	Stress		0	57	https://i.scdn.co/image/ab67616d00001e0285409ce30871556383e12059	1	2018-06-08	Sodoma e Gomorra	0	120
5j4HeCoUlzhfWtjAfM1acR	Stromae	french pop	77	3755948	https://i.scdn.co/image/ab67616100005174cc129f1c9b5047760d66aae2	3	2022-07-27	Alors on danse - Radio Edit	81	112
27bhelNsrdlX5Y5H7yigfg	Suldusk	neofolk|black metal	25	14372	https://i.scdn.co/image/ab676161000051743b6aab0fe6e17eca8d08648f	2	2024-03-01	The Elm	36	57
0Wkm45quqfx3NepJpXDvwE	Superorganism	art pop	48	251680	https://i.scdn.co/image/ab67616100005174129b75867f33503e8719e089	5	2023-07-28	Something For Your M.I.N.D.	60	101
54KCNI7URCrG6yjQK3Ukow	Susanne Sundfør	norwegian pop|art pop	55	246861	https://i.scdn.co/image/ab67616100005174f0557a17909c68a926d21186	10	2023-04-28	Fade Away	54	163
4kDmwaDsfY9hcvz7K0otLJ	Syd Matters		51	117643	https://i.scdn.co/image/902cc7f7c5413a807c7bde966fd4ddeb9e2d6b59	7	2015-06-03	Obstacles	63	180
4MnZkh4dpNmTMPxkl4Ev5L	Symphony X	progressive metal|power metal|symphonic metal|progressive rock|melodic metal|metal|neoclassical|speed metal	47	288670	https://i.scdn.co/image/ab6761610000517454935264e9cf5607a3e98686	10	2015-07-24	Without You	47	136
5eAWCfyUhZtHHtBdNk56l1	System Of A Down	nu metal|metal|alternative metal|rap metal|rock	84	12889328	https://i.scdn.co/image/ab6761610000517460063d3451ade8f9fab397c2	5	2005-11-22	Chop Suey!	88	97
7DtlawO7T5bsgq81EeHxwh	Sóley		33	113729	https://i.scdn.co/image/ab67616100005174a70b769d1dfda4038e8ce989	9	2024-03-01	Pretty Face	39	154
721C5U5rM8J0jjq6IQuSBK	Sólstafir	post-rock|black metal|folk metal|doom metal|progressive metal	37	154101	https://i.scdn.co/image/ab6761610000517463a602b51cbb2d1971b2ac60	8	2024-11-08	Fjara	42	22
5INjqkS1o8h1imAzPqGZBb	Tame Impala	indie|psychedelic pop	82	8846885	https://i.scdn.co/image/ab6761610000517490357ef28b3a012a1d1b2fa2	5	2020-02-14	The Less I Know The Better	88	123
5aLQtm6eoBgUhsbHvgAJPF	The Cog is Dead	dark cabaret|electro swing	38	54056	https://i.scdn.co/image/ab676161000051746d4d222d2b4ff85c9a3f026e	9	2023-02-17	The Death of the Cog	40	171
3HR1xtIsUefdFnkI1XHgeA	The Dead South	bluegrass|gothic country|newgrass	62	866243	https://i.scdn.co/image/ab67616100005174a936850372b0467bd5b732de	6	2024-02-09	In Hell I'll Be in Good Company	70	165
5JqX1glXPg6428ubI1w72i	The Dresden Dolls	dark cabaret	59	310540	https://i.scdn.co/image/ab67616100005174aeb8e49a6a06b46ebc7c0311	5	2008-01-01	My Alcoholic Friends	74	153
2mcNCn1qbZUQ3J9KHapUxj	The Dø	french indie pop	52	404832	https://i.scdn.co/image/0d94f0d43132aa9762a9958e4eba50c049d956ce	6	2017-12-20	Despair, Hangover & Ecstasy	56	138
5G49Sq5mMzAkGL4ZP6eVPY	The Staves	indie folk	49	229402	https://i.scdn.co/image/ab67616100005174e65ce6f2a1d82dc1a948f075	6	2024-03-22	I'm on Fire	55	149
3iOvXCl6edW5Um0fXEBRXy	The xx		67	3830935	https://i.scdn.co/image/ab67616100005174193bce41687d1869f8c7593f	3	2022-11-21	Intro	67	37
5c8Cw62ZYj9XO6iDLRDEsi	Therion	symphonic metal|gothic metal|symphonic rock|melodic metal|power metal|metal|death metal|folk metal|progressive metal|doom metal	50	349939	https://i.scdn.co/image/ab676161000051749a7f93205c66fe4181cede4a	26	2023-12-15	Litany Of The Fallen	47	182
6E3iq1WfZbw2YEeTKVZYJR	Torture Squad	thrash metal|death metal|speed metal	23	35297	https://i.scdn.co/image/ab676161000051743ab0b275695a48899be548c5	15	2023-09-22	Raise Your Horns	25	141
13LUK4MSLSmDpI6D3lJqEn	Tuatha de Danann	folk metal|power metal|melodic metal|celtic rock|medieval metal|celtic|medieval	26	38356	https://i.scdn.co/image/ab6761610000517433e35abe5829d3c811a2416d	11	2023-12-01	Believe it's true!	26	187
0ykT1si9XRFPmEvWOnf4YI	Turisas	folk metal|pirate metal|power metal|symphonic metal|metal	45	208424	https://i.scdn.co/image/fb12f668e2295f0f3b9c644447bdc0b58f5867b4	4	2013-09-03	Rasputin	57	144
0blJzvevdXrp21YeI2vbco	Type O Negative	gothic metal|doom metal	66	1524815	https://i.scdn.co/image/ab67616100005174843df562d1bad7f5163fd164	10	2013-01-01	I Don't Wanna Be Me	75	92
6TmGNPW2oDM5uaXBILozGa	Týr	folk metal|power metal|pirate metal|metal|melodic metal|medieval metal	44	235321	https://i.scdn.co/image/ab676161000051748201145b953841a3828095b3	10	2024-04-12	Blood of Heroes	49	201
0ulEFrMUcWduqdVKegJZJF	Unwoman	dark cabaret	26	13505	https://i.scdn.co/image/ab6761610000517428639ec3312ab38d684b7e5c	23	2024-12-06	The Heroine	33	55
0TytASn0kOZkCpjYTrXsBt	Vaults		47	86402	https://i.scdn.co/image/ab6761610000517458b739891ab03a2f2cd8d4a8	1	2016-12-02	One Last Night	55	148
0cwmNvclzPd8mQnoHuIksj	Vengaboys	eurodance|europop	66	543692	https://i.scdn.co/image/ab67616100005174957b1db0e338bbf2fe2cdc37	3	2014-11-27	Boom, Boom, Boom, Boom!!	78	108
0L5fC7Ogm2YwgqVCRcF1bT	Volbeat	rock|metal	73	2669401	https://i.scdn.co/image/ab67616100005174ed061555d0d15cf7b1e66731	11	2021-12-03	Still Counting	74	63
3UbyYnvNIT5DFXU4WgiGpP	Whitesnake	glam metal|hard rock|glam rock	65	3202877	https://i.scdn.co/image/ab676161000051741cc545458190efc44f48035f	36	2025-04-25	Here I Go Again - 2018 Remaster	66	177
6ui6SwChan7c1KYBQCqGKV	Wintersun	melodic death metal|folk metal|melodic metal|power metal|symphonic metal|metal|pirate metal|death metal	44	222826	https://i.scdn.co/image/ab67616100005174673ac2f12cdeddee958c2ebe	5	2024-08-30	Beyond the Dark Sun	49	14
5F9t2eiVfkS6nfRwyH2WjS	Wussy		24	11097	https://i.scdn.co/image/ab676161000051745b7b7964b686c7c567bfc805	11	2024-11-15	Teenage Wasteland	31	199
16f8bHHqNwQWgqWMYyS9ij	Ye Banished Privateers	pirate metal|sea shanties|medieval|medieval metal|folk metal	45	52059	https://i.scdn.co/image/ab676161000051743077068aaf4ee2496dd6f5be	6	2025-04-11	You and Me and the Devil Makes Three	50	33
0WbqAlM1WvfUD6dF7omThd	Yelle	french pop|french house|electroclash|electropop|french indie pop	46	227627	https://i.scdn.co/image/ab67616100005174bba9186cef80d3d7bc04b76b	6	2020-09-04	Je veux te voir	50	168
100sLnojEpcadRx4edEBA6	Zella Day		56	449117	https://i.scdn.co/image/ab67616100005174e05061548bb2d77d850190a6	3	2025-04-18	Hypnotic	63	38
6EiP4zf8DuisqFZFtoXS49	Zonata	power metal|speed metal|melodic metal|symphonic metal	14	11730	https://i.scdn.co/image/ab67616d00001e02fa058f37514193a8e266d189	3	2002-09-20	Gate of Fear	24	142
52KatchKjz0L2amwBDxxwO	aeseaes		45	46426	https://i.scdn.co/image/ab676161000051748e15cdc939114033469212e1	3	2025-04-25	Plenty	50	32
